{"loop":true,"path":[{"R":[0.9558845162391663,-0.03296738490462303,0.2669457495212555,0.11805039644241333],"T":[-0.3939201831817627,0.6780704855918884,2.077057361602783],"aperture_size":0.0,"fov":50.625,"glow_mode":0,"glow_y_cutoff":0.0,"scale":1.996500015258789,"slice":0.0},{"R":[0.8874835968017578,0.05486316233873367,-0.4442409873008728,0.10960296541452408],"T":[1.940964937210083,0.6780704259872437,1.6675012111663818],"aperture_size":0.0,"fov":50.625,"glow_mode":0,"glow_y_cutoff":0.0,"scale":1.996500015258789,"slice":0.0},{"R":[-0.16559725999832153,-0.12084922194480896,0.9785473346710205,-0.0204510185867548],"T":[1.1584014892578125,0.6780704259872437,-1.0711660385131836],"aperture_size":0.0,"fov":50.625,"glow_mode":0,"glow_y_cutoff":0.0,"scale":1.996500015258789,"slice":0.0},{"R":[0.48608893156051636,-0.10685984790325165,0.8652716875076294,0.06003131344914436],"T":[-0.9426016807556152,0.6780704259872437,-0.36072972416877747],"aperture_size":0.0,"fov":50.625,"glow_mode":0,"glow_y_cutoff":0.0,"scale":1.996500015258789,"slice":0.0}],"time":1.0}